project,revision,numberofbugs,days
ActiveMQ,355543,265,2767
ActiveMQ,355920,5,1083
ActiveMQ,356524,1,0
ActiveMQ,357195,2,1257
ActiveMQ,357683,3,1064
ActiveMQ,357732,2,400
ActiveMQ,357943,7,2211
ActiveMQ,357969,2,210
ActiveMQ,358056,4,2213
ActiveMQ,358217,1,0
ActiveMQ,358280,5,1897
ActiveMQ,358371,1,0
ActiveMQ,358579,3,439
ActiveMQ,359547,2,449
ActiveMQ,359571,1,0
ActiveMQ,359585,1,0
ActiveMQ,359800,1,0
ActiveMQ,359819,1,0
ActiveMQ,360089,1,0
ActiveMQ,360108,1,0
ActiveMQ,360127,2,437
ActiveMQ,360167,1,0
ActiveMQ,360169,1,0
ActiveMQ,365882,2,231
ActiveMQ,365883,1,0
ActiveMQ,365888,1,0
ActiveMQ,365917,2,46
ActiveMQ,365954,1,0
ActiveMQ,365993,2,374
ActiveMQ,366151,1,0
ActiveMQ,366152,3,1532
ActiveMQ,366153,1,0
ActiveMQ,366161,1,0
ActiveMQ,366208,1,0
ActiveMQ,366220,2,2597
ActiveMQ,366274,1,0
ActiveMQ,367253,2,462
ActiveMQ,367341,4,581
ActiveMQ,367741,1,0
ActiveMQ,368075,1,0
ActiveMQ,368560,1,0
ActiveMQ,369174,1,0
ActiveMQ,369868,1,0
ActiveMQ,370223,11,1258
ActiveMQ,371636,2,46
ActiveMQ,371951,2,226
ActiveMQ,372050,2,358
ActiveMQ,372479,1,0
ActiveMQ,372805,1,0
ActiveMQ,372844,2,0
ActiveMQ,372855,5,742
ActiveMQ,373509,4,1575
ActiveMQ,373863,2,730
ActiveMQ,374118,1,0
ActiveMQ,374119,3,807
ActiveMQ,374292,1,0
ActiveMQ,374309,1,0
ActiveMQ,374729,1,0
ActiveMQ,375088,1,0
ActiveMQ,375179,1,0
ActiveMQ,375519,7,678
ActiveMQ,375598,1,0
ActiveMQ,375654,3,2302
ActiveMQ,375923,1,0
ActiveMQ,376019,1,0
ActiveMQ,376044,1,0
ActiveMQ,376048,1,0
ActiveMQ,376206,2,546
ActiveMQ,376260,1,0
ActiveMQ,376332,1,0
ActiveMQ,376339,1,0
ActiveMQ,376766,2,0
ActiveMQ,376856,1,0
ActiveMQ,377936,11,2127
ActiveMQ,377937,1,0
ActiveMQ,377991,1,0
ActiveMQ,377995,4,2244
ActiveMQ,378023,1,0
ActiveMQ,378119,6,1729
ActiveMQ,378137,1,0
ActiveMQ,378192,1,0
ActiveMQ,378194,2,1339
ActiveMQ,378218,1,0
ActiveMQ,378590,1,0
ActiveMQ,378618,1,0
ActiveMQ,378626,1,0
ActiveMQ,378642,2,664
ActiveMQ,378699,1,0
ActiveMQ,378700,7,2354
ActiveMQ,378968,1,0
ActiveMQ,379397,1,0
ActiveMQ,379400,1,0
ActiveMQ,379429,1,0
ActiveMQ,379540,1,0
ActiveMQ,379717,1,0
ActiveMQ,379725,1,0
ActiveMQ,380180,2,60
ActiveMQ,380616,1,0
ActiveMQ,381644,5,1959
ActiveMQ,381762,3,1305
ActiveMQ,381927,2,1459
ActiveMQ,382083,1,0
ActiveMQ,382344,1,0
ActiveMQ,382428,1,0
ActiveMQ,382459,1,0
ActiveMQ,382503,3,462
ActiveMQ,382532,1,0
ActiveMQ,382741,1,0
ActiveMQ,382846,2,108
ActiveMQ,382869,13,2484
ActiveMQ,382886,1,0
ActiveMQ,382888,1,0
ActiveMQ,382913,1,0
ActiveMQ,382934,1,0
ActiveMQ,382954,1,0
ActiveMQ,383014,1,0
ActiveMQ,383040,1,0
ActiveMQ,383524,1,0
ActiveMQ,383565,1,0
ActiveMQ,383627,2,802
ActiveMQ,383749,1,0
ActiveMQ,383815,5,1758
ActiveMQ,383831,2,78
ActiveMQ,383832,1,0
ActiveMQ,383893,3,1664
ActiveMQ,383969,4,607
ActiveMQ,383972,2,63
ActiveMQ,384001,1,0
ActiveMQ,384166,1,0
ActiveMQ,384186,1,0
ActiveMQ,384220,2,124
ActiveMQ,384390,4,172
ActiveMQ,384454,1,0
ActiveMQ,384569,1,0
ActiveMQ,384603,1,0
ActiveMQ,384826,3,1121
ActiveMQ,384853,3,1868
ActiveMQ,385557,1,0
ActiveMQ,385561,3,1977
ActiveMQ,385575,6,2316
ActiveMQ,385577,2,1243
ActiveMQ,385861,3,2098
ActiveMQ,386100,9,2424
ActiveMQ,386129,1,0
ActiveMQ,386198,1,0
ActiveMQ,386199,1,0
ActiveMQ,386382,1,0
ActiveMQ,386506,1,0
ActiveMQ,386608,2,413
ActiveMQ,386610,2,296
ActiveMQ,386654,1,0
ActiveMQ,386670,1,0
ActiveMQ,386738,5,1859
ActiveMQ,387385,1,0
ActiveMQ,387566,5,533
ActiveMQ,387570,1,0
ActiveMQ,387586,6,824
ActiveMQ,388081,1,0
ActiveMQ,388082,2,321
ActiveMQ,388176,1,0
ActiveMQ,388202,1,0
ActiveMQ,388677,1,0
ActiveMQ,388714,5,2016
ActiveMQ,389018,1,0
ActiveMQ,389258,1,0
ActiveMQ,389334,1,0
ActiveMQ,389482,1,0
ActiveMQ,389519,2,472
ActiveMQ,389536,3,692
ActiveMQ,389554,1,0
ActiveMQ,389614,2,204
ActiveMQ,389632,1,0
ActiveMQ,389757,3,833
ActiveMQ,389941,7,2199
ActiveMQ,390041,1,0
ActiveMQ,390117,6,658
ActiveMQ,390149,7,833
ActiveMQ,390470,1,0
ActiveMQ,390998,3,1669
ActiveMQ,391049,1,0
ActiveMQ,391694,2,74
ActiveMQ,392003,1,0
ActiveMQ,392288,1,0
ActiveMQ,392349,1,0
ActiveMQ,392434,1,0
ActiveMQ,392556,1,0
ActiveMQ,392904,4,1358
ActiveMQ,392929,1,0
ActiveMQ,393024,1,0
ActiveMQ,393048,3,440
ActiveMQ,393265,1,0
ActiveMQ,393294,4,502
ActiveMQ,393383,1,0
ActiveMQ,393495,1,0
ActiveMQ,393912,7,1457
ActiveMQ,393913,2,61
ActiveMQ,394050,4,395
ActiveMQ,394705,1,0
ActiveMQ,394707,7,2361
ActiveMQ,394729,1,0
ActiveMQ,394851,1,0
ActiveMQ,395254,1,0
ActiveMQ,395597,8,890
ActiveMQ,395611,3,395
ActiveMQ,395640,3,1430
ActiveMQ,395670,1,0
ActiveMQ,395689,5,890
ActiveMQ,395810,7,2214
ActiveMQ,396897,2,1334
ActiveMQ,397149,2,732
ActiveMQ,397198,3,1305
ActiveMQ,397209,1,0
ActiveMQ,397237,2,202
ActiveMQ,397589,3,1965
ActiveMQ,397613,4,961
ActiveMQ,397774,11,1865
ActiveMQ,397915,2,0
ActiveMQ,397941,1,0
ActiveMQ,397985,2,1937
ActiveMQ,398015,1,0
ActiveMQ,398928,1,0
ActiveMQ,399298,1,0
ActiveMQ,399701,1,0
ActiveMQ,405807,1,0
ActiveMQ,407816,2,451
ActiveMQ,409297,1,0
ActiveMQ,409300,2,17
ActiveMQ,409303,1,0
ActiveMQ,409322,4,873
ActiveMQ,409742,5,1961
ActiveMQ,410119,2,16
ActiveMQ,410123,2,40
ActiveMQ,412110,1,0
ActiveMQ,412933,1,0
ActiveMQ,412950,1,0
ActiveMQ,413679,2,1920
ActiveMQ,413680,1,0
ActiveMQ,415300,2,607
ActiveMQ,415306,3,46
ActiveMQ,416542,2,709
ActiveMQ,417734,1,0
ActiveMQ,418119,1,0
ActiveMQ,418162,1,0
ActiveMQ,418164,1,0
ActiveMQ,418285,3,502
ActiveMQ,418306,2,140
ActiveMQ,418495,3,478
ActiveMQ,418548,2,2426
ActiveMQ,418550,14,2578
ActiveMQ,418592,2,61
ActiveMQ,418600,1,0
ActiveMQ,418602,3,1668
ActiveMQ,418617,1,0
ActiveMQ,419024,1,0
ActiveMQ,419629,3,1439
ActiveMQ,419752,1,0
ActiveMQ,419753,1,0
ActiveMQ,420527,1,0
ActiveMQ,420705,3,835
ActiveMQ,420708,2,231
ActiveMQ,420718,1,0
ActiveMQ,420723,4,1961
ActiveMQ,420835,2,1883
ActiveMQ,420872,1,0
ActiveMQ,421811,3,865
ActiveMQ,422978,1,0
ActiveMQ,423919,5,488
ActiveMQ,424040,1,0
ActiveMQ,424328,11,2282
ActiveMQ,424542,1,0
ActiveMQ,424698,2,51
ActiveMQ,426060,7,1813
ActiveMQ,426094,1,0
ActiveMQ,426134,3,278
ActiveMQ,426160,1,0
ActiveMQ,426366,1,0
ActiveMQ,426461,2,356
ActiveMQ,427507,2,61
ActiveMQ,428339,2,1077
ActiveMQ,429765,1,0
ActiveMQ,429787,1,0
ActiveMQ,429995,1,0
ActiveMQ,430034,1,0
ActiveMQ,430351,1,0
ActiveMQ,430485,1,0
ActiveMQ,430716,1,0
ActiveMQ,432221,1,0
ActiveMQ,432224,1,0
ActiveMQ,432517,2,48
ActiveMQ,433244,3,1878
ActiveMQ,433673,19,2372
ActiveMQ,434007,1,0
ActiveMQ,434397,1,0
ActiveMQ,436748,1,0
ActiveMQ,436751,1,0
ActiveMQ,436752,1,0
ActiveMQ,436767,1,0
ActiveMQ,436833,2,1019
ActiveMQ,436835,6,1538
ActiveMQ,436899,5,996
ActiveMQ,438429,2,227
ActiveMQ,438840,2,1878
ActiveMQ,438917,8,1829
ActiveMQ,439111,9,1648
ActiveMQ,439442,1,0
ActiveMQ,439552,12,2088
ActiveMQ,439930,2,315
ActiveMQ,439950,1,0
ActiveMQ,440342,3,315
ActiveMQ,440588,1,0
ActiveMQ,441525,1,0
ActiveMQ,442550,14,2137
ActiveMQ,443267,2,46
ActiveMQ,443271,1,0
ActiveMQ,443423,1,0
ActiveMQ,443425,1,0
ActiveMQ,443430,6,1154
ActiveMQ,447607,4,2065
ActiveMQ,447608,8,1892
ActiveMQ,449654,2,1701
ActiveMQ,450289,1,0
ActiveMQ,450371,1,0
ActiveMQ,453123,6,890
ActiveMQ,453124,1,0
ActiveMQ,453171,1,0
ActiveMQ,453176,1,0
ActiveMQ,453380,1,0
ActiveMQ,453497,2,1721
ActiveMQ,454368,8,1196
ActiveMQ,454471,2,334
ActiveMQ,463646,3,630
ActiveMQ,463679,2,405
ActiveMQ,464110,6,2286
ActiveMQ,464216,1,0
ActiveMQ,464659,1,0
ActiveMQ,465930,1,0
ActiveMQ,465987,1,0
ActiveMQ,467090,3,589
ActiveMQ,467685,1,0
ActiveMQ,468913,2,97
ActiveMQ,469972,1,0
ActiveMQ,470390,2,387
ActiveMQ,470695,2,1254
ActiveMQ,471837,7,1414
ActiveMQ,472157,8,1993
ActiveMQ,472345,5,832
ActiveMQ,474475,10,802
ActiveMQ,474674,1,0
ActiveMQ,474799,5,2282
ActiveMQ,474926,1,0
ActiveMQ,474985,1,0
ActiveMQ,474986,1,0
ActiveMQ,475701,2,315
ActiveMQ,475775,1,0
ActiveMQ,475848,4,416
ActiveMQ,476093,1,0
ActiveMQ,476100,3,648
ActiveMQ,476101,17,2469
ActiveMQ,477166,2,142
ActiveMQ,477567,3,474
ActiveMQ,478509,2,3
ActiveMQ,478967,6,2341
ActiveMQ,479089,7,1034
ActiveMQ,479094,7,1834
ActiveMQ,479145,2,339
ActiveMQ,479156,8,1578
ActiveMQ,479614,7,826
ActiveMQ,479639,2,1919
ActiveMQ,480072,3,1695
ActiveMQ,480575,1,0
ActiveMQ,480731,6,1405
ActiveMQ,480862,1,0
ActiveMQ,481742,3,1491
ActiveMQ,487235,2,1302
ActiveMQ,488958,1,0
ActiveMQ,490007,7,1562
ActiveMQ,490174,2,17
ActiveMQ,490792,1,0
ActiveMQ,490794,3,1417
ActiveMQ,490796,1,0
ActiveMQ,490814,5,449
ActiveMQ,491089,2,70
ActiveMQ,491185,2,246
ActiveMQ,491346,2,334
ActiveMQ,491452,1,0
ActiveMQ,491455,1,0
ActiveMQ,492373,1,0
ActiveMQ,492380,3,790
ActiveMQ,492461,5,1848
ActiveMQ,493226,2,339
ActiveMQ,493241,2,1226
ActiveMQ,493696,1,0
ActiveMQ,494331,1,0
ActiveMQ,494950,1,0
ActiveMQ,495172,1,0
ActiveMQ,499478,1,0
ActiveMQ,499760,6,1498
ActiveMQ,500862,12,2200
ActiveMQ,502054,6,2254
ActiveMQ,503176,6,474
ActiveMQ,503680,11,1323
ActiveMQ,503694,1,0
ActiveMQ,504235,1,0
ActiveMQ,504501,1,0
ActiveMQ,504798,1,0
ActiveMQ,504999,21,1417
ActiveMQ,506415,2,1462
ActiveMQ,507717,2,142
ActiveMQ,509115,1,0
ActiveMQ,509552,1,0
ActiveMQ,509563,3,551
ActiveMQ,509706,2,1521
ActiveMQ,509717,1,0
ActiveMQ,509728,1,0
ActiveMQ,509912,1,0
ActiveMQ,510843,1,0
ActiveMQ,511088,1,0
ActiveMQ,511598,3,855
ActiveMQ,511784,1,0
ActiveMQ,511947,1,0
ActiveMQ,512259,1,0
ActiveMQ,512497,1,0
ActiveMQ,512640,4,1217
ActiveMQ,513455,7,647
ActiveMQ,513467,1,0
ActiveMQ,513921,3,346
ActiveMQ,514131,4,779
ActiveMQ,514593,1,0
ActiveMQ,514668,2,27
ActiveMQ,514694,3,1828
ActiveMQ,514720,1,0
ActiveMQ,514754,2,1637
ActiveMQ,515054,3,296
ActiveMQ,515084,1,0
ActiveMQ,515284,1,0
ActiveMQ,515524,1,0
ActiveMQ,515556,1,0
ActiveMQ,515574,2,716
ActiveMQ,515576,7,2500
ActiveMQ,515602,1,0
ActiveMQ,515622,1,0
ActiveMQ,515625,2,316
ActiveMQ,515630,2,70
ActiveMQ,515863,2,401
ActiveMQ,515999,1,0
ActiveMQ,516048,1,0
ActiveMQ,516408,1,0
ActiveMQ,516475,3,797
ActiveMQ,516492,1,0
ActiveMQ,517753,4,1518
ActiveMQ,518437,3,631
ActiveMQ,518590,1,0
ActiveMQ,518632,1,0
ActiveMQ,518638,1,0
ActiveMQ,518745,1,0
ActiveMQ,519233,1,0
ActiveMQ,520814,4,1212
ActiveMQ,520819,1,0
ActiveMQ,520865,1,0
ActiveMQ,523259,1,0
ActiveMQ,523266,1,0
ActiveMQ,523332,1,0
ActiveMQ,533739,1,0
ActiveMQ,533740,1,0
ActiveMQ,541256,1,0
ActiveMQ,541306,3,1520
ActiveMQ,546120,3,1365
ActiveMQ,546502,1,0
ActiveMQ,546537,1,0
ActiveMQ,546847,1,0
ActiveMQ,547906,5,1229
ActiveMQ,548260,1,0
ActiveMQ,549845,1,0
ActiveMQ,549847,2,140
ActiveMQ,549883,1,0
ActiveMQ,549887,4,722
ActiveMQ,550449,3,1614
ActiveMQ,550451,1,0
ActiveMQ,551271,15,1872
ActiveMQ,551443,4,972
ActiveMQ,551902,6,1388
ActiveMQ,552710,1,0
ActiveMQ,552713,8,2457
ActiveMQ,552738,3,191
ActiveMQ,552845,1,0
ActiveMQ,553095,1,0
ActiveMQ,554315,1,0
ActiveMQ,557389,1,0
ActiveMQ,557748,3,545
ActiveMQ,558044,2,1668
ActiveMQ,558054,14,2040
ActiveMQ,558774,3,184
ActiveMQ,558814,2,1379
ActiveMQ,559132,1,0
ActiveMQ,559915,1,0
ActiveMQ,560352,1,0
ActiveMQ,560694,1,0
ActiveMQ,560696,10,1867
ActiveMQ,560783,7,2329
ActiveMQ,560872,3,1535
ActiveMQ,561026,4,213
ActiveMQ,561109,1,0
ActiveMQ,561180,1,0
ActiveMQ,563194,5,1068
ActiveMQ,563921,34,2076
ActiveMQ,563982,21,1793
ActiveMQ,564057,18,1690
ActiveMQ,564271,74,2567
ActiveMQ,564505,1,0
ActiveMQ,564679,47,2288
ActiveMQ,564814,41,1948
ActiveMQ,564977,8,2162
ActiveMQ,565003,25,2577
ActiveMQ,567646,1,0
ActiveMQ,567647,17,2117
ActiveMQ,567796,3,1355
ActiveMQ,569270,3,1075
ActiveMQ,571306,1,0
ActiveMQ,572300,1,0
ActiveMQ,572975,1,0
ActiveMQ,573395,1,0
ActiveMQ,573397,1,0
ActiveMQ,573615,2,620
ActiveMQ,574321,3,1058
ActiveMQ,574460,2,918
ActiveMQ,577882,1,0
ActiveMQ,578877,6,1636
ActiveMQ,579941,2,646
ActiveMQ,581053,3,72
ActiveMQ,581242,1,0
ActiveMQ,581568,1,0
ActiveMQ,581683,2,413
ActiveMQ,581747,3,395
ActiveMQ,581881,2,1732
ActiveMQ,582801,1,0
ActiveMQ,582910,1,0
ActiveMQ,583237,2,990
ActiveMQ,583595,4,1211
ActiveMQ,584800,2,1599
ActiveMQ,584863,8,1087
ActiveMQ,585375,3,514
ActiveMQ,585413,1,0
ActiveMQ,585853,1,0
ActiveMQ,585967,4,631
ActiveMQ,586185,3,1124
ActiveMQ,586460,4,1229
ActiveMQ,586580,8,956
ActiveMQ,586581,1,0
ActiveMQ,587033,1,0
ActiveMQ,587051,1,0
ActiveMQ,587188,2,184
ActiveMQ,587396,1,0
ActiveMQ,587504,1,0
ActiveMQ,587927,1,0
ActiveMQ,588260,1,0
ActiveMQ,588725,1,0
ActiveMQ,588731,1,0
ActiveMQ,589314,3,82
ActiveMQ,590623,2,0
ActiveMQ,591113,2,118
ActiveMQ,591160,1,0
ActiveMQ,591442,3,164
ActiveMQ,592090,2,832
ActiveMQ,592114,1,0
ActiveMQ,592531,3,881
ActiveMQ,593204,2,1228
ActiveMQ,597581,2,56
ActiveMQ,599129,20,2107
ActiveMQ,599993,1,0
ActiveMQ,600891,6,1781
ActiveMQ,602440,2,168
ActiveMQ,602529,1,0
ActiveMQ,602553,2,470
ActiveMQ,602565,2,635
ActiveMQ,603762,1,0
ActiveMQ,603927,1,0
ActiveMQ,603952,1,0
ActiveMQ,604700,1,0
ActiveMQ,605671,4,1180
ActiveMQ,605698,4,695
ActiveMQ,605940,1,0
ActiveMQ,605944,1,0
ActiveMQ,607037,1,0
ActiveMQ,607038,7,1704
ActiveMQ,607317,2,2012
ActiveMQ,608034,1,0
ActiveMQ,609016,1,0
ActiveMQ,609606,1,0
ActiveMQ,610432,1,0
ActiveMQ,612459,3,2168
ActiveMQ,612542,4,480
ActiveMQ,612544,2,98
ActiveMQ,613230,11,695
ActiveMQ,613829,4,185
ActiveMQ,613830,5,737
ActiveMQ,614206,9,1662
ActiveMQ,614645,3,1555
ActiveMQ,615287,2,481
ActiveMQ,616506,1,0
ActiveMQ,616733,9,1858
ActiveMQ,617015,4,1421
ActiveMQ,618082,1,0
ActiveMQ,618621,14,1925
ActiveMQ,618655,1,0
ActiveMQ,618656,2,165
ActiveMQ,618689,1,0
ActiveMQ,618817,1,0
ActiveMQ,618981,7,907
ActiveMQ,619004,3,1180
ActiveMQ,619336,6,1315
ActiveMQ,619387,3,1512
ActiveMQ,628667,18,1624
ActiveMQ,628710,2,698
ActiveMQ,628778,1,0
ActiveMQ,629007,2,75
ActiveMQ,629631,1,0
ActiveMQ,629713,15,1861
ActiveMQ,629859,3,427
ActiveMQ,631237,4,685
ActiveMQ,631244,2,281
ActiveMQ,631537,1,0
ActiveMQ,631965,1,0
ActiveMQ,632269,1,0
ActiveMQ,632455,2,440
ActiveMQ,632651,1,0
ActiveMQ,632964,1,0
ActiveMQ,633570,1,0
ActiveMQ,633603,1,0
ActiveMQ,633800,10,1918
ActiveMQ,633976,7,2171
ActiveMQ,634411,5,607
ActiveMQ,634487,3,972
ActiveMQ,634588,2,416
ActiveMQ,634686,1,0
ActiveMQ,634797,1,0
ActiveMQ,635565,1,0
ActiveMQ,635682,3,1833
ActiveMQ,636106,1,0
ActiveMQ,636281,1,0
ActiveMQ,636422,4,1538
ActiveMQ,636428,1,0
ActiveMQ,636507,1,0
ActiveMQ,637006,1,0
ActiveMQ,637028,2,86
ActiveMQ,637218,1,0
ActiveMQ,637246,1,0
ActiveMQ,637879,3,448
ActiveMQ,637965,1,0
ActiveMQ,638233,1,0
ActiveMQ,638234,1,0
ActiveMQ,638235,1,0
ActiveMQ,638238,1,0
ActiveMQ,638596,1,0
ActiveMQ,638910,5,1206
ActiveMQ,638924,8,1833
ActiveMQ,638942,1,0
ActiveMQ,639030,2,107
ActiveMQ,639111,1,0
ActiveMQ,639388,1,0
ActiveMQ,639499,1,0
ActiveMQ,639532,2,75
ActiveMQ,639539,1,0
ActiveMQ,640336,1,0
ActiveMQ,640636,1,0
ActiveMQ,640641,3,1465
ActiveMQ,640890,4,511
ActiveMQ,641525,3,602
ActiveMQ,641548,1,0
ActiveMQ,642166,2,149
ActiveMQ,643390,5,1405
ActiveMQ,643439,1,0
ActiveMQ,643458,2,925
ActiveMQ,643529,3,264
ActiveMQ,643908,2,387
ActiveMQ,645288,1,0
ActiveMQ,645574,8,1646
ActiveMQ,645580,1,0
ActiveMQ,646219,1,0
ActiveMQ,646245,1,0
ActiveMQ,646248,1,0
ActiveMQ,646268,2,1090
ActiveMQ,646299,1,0
ActiveMQ,646332,1,0
ActiveMQ,646401,1,0
ActiveMQ,646422,2,591
ActiveMQ,646437,1,0
ActiveMQ,646803,1,0
ActiveMQ,647872,3,577
ActiveMQ,648727,2,854
ActiveMQ,649211,3,495
ActiveMQ,649551,2,1581
ActiveMQ,649579,1,0
ActiveMQ,649708,1,0
ActiveMQ,650143,9,2309
ActiveMQ,650392,1,0
ActiveMQ,650763,3,31
ActiveMQ,651300,2,602
ActiveMQ,651320,1,0
ActiveMQ,652111,1,0
ActiveMQ,652302,1,0
ActiveMQ,652303,1,0
ActiveMQ,652305,1,0
ActiveMQ,652438,1,0
ActiveMQ,652440,1,0
ActiveMQ,652598,1,0
ActiveMQ,655639,1,0
ActiveMQ,655805,2,391
ActiveMQ,656319,2,1899
ActiveMQ,656378,2,38
ActiveMQ,656582,1,0
ActiveMQ,656980,2,280
ActiveMQ,657059,1,0
ActiveMQ,657147,4,844
ActiveMQ,657817,6,798
ActiveMQ,658127,1,0
ActiveMQ,658154,4,169
ActiveMQ,658266,1,0
ActiveMQ,658637,3,613
ActiveMQ,659203,8,1451
ActiveMQ,660517,1,0
ActiveMQ,660555,1,0
ActiveMQ,660906,1,0
ActiveMQ,660977,2,1617
ActiveMQ,661295,4,742
ActiveMQ,661435,2,202
ActiveMQ,661661,3,968
ActiveMQ,663032,1,0
ActiveMQ,663048,1,0
ActiveMQ,663059,2,2510
ActiveMQ,663178,17,1823
ActiveMQ,663680,2,1225
ActiveMQ,663980,1,0
ActiveMQ,664079,1,0
ActiveMQ,664082,2,161
ActiveMQ,666607,2,352
ActiveMQ,666617,1,0
ActiveMQ,666793,3,1212
ActiveMQ,667105,4,1038
ActiveMQ,668146,3,1126
ActiveMQ,668559,3,1113
ActiveMQ,669263,1,0
ActiveMQ,669491,1,0
ActiveMQ,669512,1,0
ActiveMQ,669519,1,0
ActiveMQ,673157,1,0
ActiveMQ,674607,1,0
ActiveMQ,675104,1,0
ActiveMQ,675484,2,1211
ActiveMQ,675990,1,0
ActiveMQ,676636,1,0
ActiveMQ,676893,1,0
ActiveMQ,677944,2,301
ActiveMQ,680161,1,0
ActiveMQ,685806,8,375
ActiveMQ,685808,3,1759
ActiveMQ,685966,1,0
ActiveMQ,685971,1,0
ActiveMQ,685988,1,0
ActiveMQ,686217,1,0
ActiveMQ,686236,6,141
ActiveMQ,686264,1,0
ActiveMQ,687043,1,0
ActiveMQ,687399,3,76
ActiveMQ,687406,2,391
ActiveMQ,687427,1,0
ActiveMQ,687677,4,180
ActiveMQ,687861,1,0
ActiveMQ,688118,3,919
ActiveMQ,690144,3,180
ActiveMQ,690645,1,0
ActiveMQ,691114,8,1046
ActiveMQ,691124,1,0
ActiveMQ,691206,2,1506
ActiveMQ,691214,1,0
ActiveMQ,691621,3,177
ActiveMQ,691665,1,0
ActiveMQ,692009,2,31
ActiveMQ,692174,1,0
ActiveMQ,692181,2,837
ActiveMQ,692183,3,1179
ActiveMQ,692288,7,1354
ActiveMQ,692449,1,0
ActiveMQ,692539,1,0
ActiveMQ,693109,2,122
ActiveMQ,693431,2,613
ActiveMQ,693449,3,1363
ActiveMQ,693915,7,1267
ActiveMQ,694320,7,912
ActiveMQ,694679,1,0
ActiveMQ,694681,1,0
ActiveMQ,694781,2,337
ActiveMQ,696308,1,0
ActiveMQ,696370,4,654
ActiveMQ,697850,1,0
ActiveMQ,697921,2,9
ActiveMQ,697953,1,0
ActiveMQ,697957,1,0
ActiveMQ,698103,1,0
ActiveMQ,698573,1,0
ActiveMQ,698595,4,607
ActiveMQ,700823,1,0
ActiveMQ,701072,1,0
ActiveMQ,702152,1,0
ActiveMQ,703161,4,1158
ActiveMQ,703447,5,1211
ActiveMQ,704056,1,0
ActiveMQ,704846,3,1095
ActiveMQ,705281,2,368
ActiveMQ,706299,2,631
ActiveMQ,707415,2,1109
ActiveMQ,710109,2,235
ActiveMQ,712189,4,1460
ActiveMQ,712217,2,932
ActiveMQ,718224,4,694
ActiveMQ,718590,1,0
ActiveMQ,718592,1,0
ActiveMQ,718931,1,0
ActiveMQ,719350,2,611
ActiveMQ,722983,2,94
ActiveMQ,723614,1,0
ActiveMQ,725019,1,0
ActiveMQ,725020,1,0
ActiveMQ,725323,4,1307
ActiveMQ,726764,4,413
ActiveMQ,727017,3,774
ActiveMQ,728687,1,0
ActiveMQ,729038,2,1075
ActiveMQ,729437,3,567
ActiveMQ,729498,2,1152
ActiveMQ,729703,2,0
ActiveMQ,729803,8,1276
ActiveMQ,729939,1,0
ActiveMQ,730071,1,0
ActiveMQ,730596,1,0
ActiveMQ,730598,1,0
ActiveMQ,731529,1,0
ActiveMQ,731704,21,1541
ActiveMQ,732175,1,0
ActiveMQ,732182,1,0
ActiveMQ,732259,1,0
ActiveMQ,732489,2,43
ActiveMQ,733761,2,14
ActiveMQ,733811,2,194
ActiveMQ,735914,1,0
ActiveMQ,736720,3,783
ActiveMQ,737017,2,62
ActiveMQ,737062,1,0
ActiveMQ,738052,2,248
ActiveMQ,738421,1,0
ActiveMQ,738904,6,1693
ActiveMQ,739008,2,898
ActiveMQ,739961,1,0
ActiveMQ,740476,1,0
ActiveMQ,741061,1,0
ActiveMQ,741109,1,0
ActiveMQ,741137,1,0
ActiveMQ,741169,1,0
ActiveMQ,741212,3,145
ActiveMQ,741293,1,0
ActiveMQ,741327,1,0
ActiveMQ,741528,1,0
ActiveMQ,741659,2,340
ActiveMQ,741741,1,0
ActiveMQ,741769,2,955
ActiveMQ,742458,1,0
ActiveMQ,742888,1,0
ActiveMQ,743258,1,0
ActiveMQ,743320,1,0
ActiveMQ,743476,2,7
ActiveMQ,743741,1,0
ActiveMQ,743980,1,0
ActiveMQ,744975,1,0
ActiveMQ,745031,1,0
ActiveMQ,745108,1,0
ActiveMQ,745456,1,0
ActiveMQ,745926,1,0
ActiveMQ,745953,2,223
ActiveMQ,746251,2,0
ActiveMQ,747951,1,0
ActiveMQ,748218,1,0
ActiveMQ,749464,1,0
ActiveMQ,750455,1,0
ActiveMQ,750532,1,0
ActiveMQ,750537,1,0
ActiveMQ,753003,1,0
ActiveMQ,753214,1,0
ActiveMQ,753222,3,420
ActiveMQ,753297,1,0
ActiveMQ,753311,1,0
ActiveMQ,754963,1,0
ActiveMQ,755715,3,1048
ActiveMQ,755716,1,0
ActiveMQ,756565,1,0
ActiveMQ,757438,1,0
ActiveMQ,758329,1,0
ActiveMQ,758450,1,0
ActiveMQ,758678,8,1274
ActiveMQ,758737,1,0
ActiveMQ,758785,1,0
ActiveMQ,759125,4,894
ActiveMQ,760028,1,0
ActiveMQ,760075,2,264
ActiveMQ,760721,1,0
ActiveMQ,761301,1,0
ActiveMQ,761597,1,0
ActiveMQ,762464,2,24
ActiveMQ,762996,6,1029
ActiveMQ,763565,3,741
ActiveMQ,763983,5,1288
ActiveMQ,763993,5,1721
ActiveMQ,764377,2,556
ActiveMQ,764403,1,0
ActiveMQ,765133,3,298
ActiveMQ,768219,1,0
ActiveMQ,768300,1,0
ActiveMQ,773569,1,0
ActiveMQ,773985,1,0
ActiveMQ,774421,3,1194
ActiveMQ,775094,1,0
ActiveMQ,777225,1,0
ActiveMQ,777463,1,0
ActiveMQ,777806,1,0
ActiveMQ,777821,1,0
ActiveMQ,778777,1,0
ActiveMQ,781022,1,0
ActiveMQ,781312,1,0
ActiveMQ,783364,2,688
ActiveMQ,787855,5,1211
ActiveMQ,789283,2,119
ActiveMQ,789378,1,0
ActiveMQ,789851,1,0
ActiveMQ,790113,1,0
ActiveMQ,790880,7,1382
ActiveMQ,791466,1,0
ActiveMQ,791881,3,1046
ActiveMQ,792127,2,422
ActiveMQ,793892,3,1076
ActiveMQ,795270,3,1334
ActiveMQ,797685,1,0
ActiveMQ,798602,2,1038
ActiveMQ,799090,3,1030
ActiveMQ,799706,2,245
ActiveMQ,799733,2,378
ActiveMQ,800235,4,980
ActiveMQ,800337,1,0
ActiveMQ,800339,5,575
ActiveMQ,800776,1,0
ActiveMQ,801916,1,0
ActiveMQ,801989,2,412
ActiveMQ,803907,1,0
ActiveMQ,804192,1,0
ActiveMQ,804943,2,513
ActiveMQ,805361,2,400
ActiveMQ,806107,1,0
ActiveMQ,808041,1,0
ActiveMQ,808378,1,0
ActiveMQ,808890,5,1189
ActiveMQ,810588,1,0
ActiveMQ,811003,1,0
ActiveMQ,811371,1,0
ActiveMQ,811425,3,176
ActiveMQ,812932,1,0
ActiveMQ,813422,2,388
ActiveMQ,813722,3,327
ActiveMQ,813906,1,0
ActiveMQ,813927,2,279
ActiveMQ,814638,1,0
ActiveMQ,814639,1,0
ActiveMQ,815788,1,0
ActiveMQ,816263,2,39
ActiveMQ,816298,1,0
ActiveMQ,816444,1,0
ActiveMQ,817625,2,0
ActiveMQ,817639,1,0
ActiveMQ,818147,4,1400
ActiveMQ,818155,1,0
ActiveMQ,818209,1,0
ActiveMQ,818224,2,316
ActiveMQ,818418,1,0
ActiveMQ,818762,2,13
ActiveMQ,818768,2,13
ActiveMQ,818905,1,0
ActiveMQ,818911,1,0
ActiveMQ,818936,1,0
ActiveMQ,818937,1,0
ActiveMQ,818955,1,0
ActiveMQ,818957,1,0
ActiveMQ,820031,1,0
ActiveMQ,820268,1,0
ActiveMQ,820713,2,239
ActiveMQ,820715,1,0
ActiveMQ,821090,1,0
ActiveMQ,822811,5,2005
ActiveMQ,822911,2,682
ActiveMQ,825008,3,1256
ActiveMQ,828975,2,848
ActiveMQ,828989,1,0
ActiveMQ,829066,1,0
ActiveMQ,831008,1,0
ActiveMQ,831012,1,0
ActiveMQ,831258,2,1
ActiveMQ,831266,2,1
ActiveMQ,831876,1,0
ActiveMQ,831942,2,251
ActiveMQ,831968,1,0
ActiveMQ,833376,2,248
ActiveMQ,833395,2,153
ActiveMQ,833402,2,153
ActiveMQ,833441,1,0
ActiveMQ,833442,1,0
ActiveMQ,834543,3,105
ActiveMQ,834557,1,0
ActiveMQ,834922,1,0
ActiveMQ,835325,1,0
ActiveMQ,835329,1,0
ActiveMQ,835339,1,0
ActiveMQ,835342,1,0
ActiveMQ,835833,1,0
ActiveMQ,835874,3,689
ActiveMQ,835888,2,1308
ActiveMQ,835921,1,0
ActiveMQ,880696,3,1308
ActiveMQ,880697,1,0
ActiveMQ,880792,5,434
ActiveMQ,881221,1,0
ActiveMQ,881313,2,553
ActiveMQ,882096,1,0
ActiveMQ,882144,1,0
ActiveMQ,884267,3,1097
ActiveMQ,884633,1,0
ActiveMQ,884644,1,0
ActiveMQ,885488,3,1105
ActiveMQ,885841,1,0
ActiveMQ,885843,1,0
ActiveMQ,886136,1,0
ActiveMQ,888846,2,29
ActiveMQ,888974,1,0
ActiveMQ,889167,4,1318
ActiveMQ,889169,1,0
ActiveMQ,889677,1,0
ActiveMQ,891786,2,853
ActiveMQ,892242,3,723
ActiveMQ,892729,2,149
ActiveMQ,892759,1,0
ActiveMQ,892781,2,21
ActiveMQ,895975,1,0
ActiveMQ,895977,1,0
ActiveMQ,896063,1,0
ActiveMQ,897061,2,13
ActiveMQ,897939,2,279
ActiveMQ,897988,4,623
ActiveMQ,898281,2,768
ActiveMQ,898689,1,0
ActiveMQ,898693,1,0
ActiveMQ,898774,1,0
ActiveMQ,899633,4,1040
ActiveMQ,900384,1,0
ActiveMQ,900385,2,5
ActiveMQ,900386,1,0
ActiveMQ,901171,1,0
ActiveMQ,901177,1,0
ActiveMQ,901188,7,1131
ActiveMQ,901269,1,0
ActiveMQ,901273,3,69
ActiveMQ,901274,1,0
ActiveMQ,901300,2,510
ActiveMQ,901911,1,0
ActiveMQ,902009,1,0
ActiveMQ,902056,2,952
ActiveMQ,902057,1,0
ActiveMQ,902908,6,1273
ActiveMQ,903741,2,577
ActiveMQ,904160,1,0
ActiveMQ,904171,1,0
ActiveMQ,904243,1,0
ActiveMQ,905432,2,388
ActiveMQ,905437,1,0
ActiveMQ,905769,1,0
ActiveMQ,905926,4,837
ActiveMQ,905958,1,0
ActiveMQ,906049,1,0
ActiveMQ,906088,1,0
ActiveMQ,906101,1,0
ActiveMQ,906450,4,618
ActiveMQ,906560,1,0
ActiveMQ,906567,1,0
ActiveMQ,907174,1,0
ActiveMQ,907197,2,485
ActiveMQ,908136,2,224
ActiveMQ,908182,1,0
ActiveMQ,908453,1,0
ActiveMQ,908458,1,0
ActiveMQ,908492,1,0
ActiveMQ,908867,7,1003
ActiveMQ,910163,1,0
ActiveMQ,910942,1,0
ActiveMQ,911413,2,418
ActiveMQ,911492,4,934
ActiveMQ,911650,2,419
ActiveMQ,911759,1,0
ActiveMQ,915028,2,561
ActiveMQ,915281,1,0
ActiveMQ,915384,2,637
ActiveMQ,915770,5,1129
ActiveMQ,915809,2,203
ActiveMQ,916762,1,0
ActiveMQ,916780,4,678
ActiveMQ,918381,1,0
ActiveMQ,918553,1,0
ActiveMQ,920306,10,1212
ActiveMQ,920325,1,0
ActiveMQ,920330,1,0
ActiveMQ,920838,1,0
ActiveMQ,921821,2,384
ActiveMQ,923272,2,121
ActiveMQ,923300,3,706
ActiveMQ,924350,2,307
ActiveMQ,924752,2,13
ActiveMQ,925351,2,1037
ActiveMQ,926646,2,109
ActiveMQ,927066,1,0
ActiveMQ,929488,1,0
ActiveMQ,929618,2,412
ActiveMQ,930041,1,0
ActiveMQ,930135,1,0
ActiveMQ,930206,1,0
ActiveMQ,931047,1,0
ActiveMQ,932342,1,0
ActiveMQ,932403,2,506
ActiveMQ,933240,1,0
ActiveMQ,934352,3,1086
ActiveMQ,934839,2,0
ActiveMQ,935952,2,126
ActiveMQ,935954,1,0
ActiveMQ,936390,3,789
ActiveMQ,937334,1,0
ActiveMQ,938998,1,0
ActiveMQ,941281,2,18
ActiveMQ,941673,2,506
ActiveMQ,943146,3,854
ActiveMQ,943467,1,0
ActiveMQ,943915,2,17
ActiveMQ,943916,1,0
ActiveMQ,945102,4,1023
ActiveMQ,945227,3,558
ActiveMQ,945524,2,0
ActiveMQ,945692,1,0
ActiveMQ,946138,2,131
ActiveMQ,946600,9,1369
ActiveMQ,947657,1,0
ActiveMQ,948463,1,0
ActiveMQ,948489,1,0
ActiveMQ,948911,1,0
ActiveMQ,952976,1,0
ActiveMQ,953384,1,0
ActiveMQ,953696,1,0
ActiveMQ,954406,1,0
ActiveMQ,954540,1,0
ActiveMQ,954972,1,0
ActiveMQ,955039,9,1119
ActiveMQ,955149,1,0
ActiveMQ,955179,1,0
ActiveMQ,955504,1,0
ActiveMQ,955973,1,0
ActiveMQ,956481,1,0
ActiveMQ,956541,1,0
ActiveMQ,956741,1,0
ActiveMQ,956918,2,1022
ActiveMQ,957181,1,0
ActiveMQ,957881,3,681
ActiveMQ,958103,3,1189
ActiveMQ,958932,5,505
ActiveMQ,960060,1,0
ActiveMQ,960296,1,0
ActiveMQ,960590,1,0
ActiveMQ,961245,4,1092
ActiveMQ,961484,7,584
ActiveMQ,961500,1,0
ActiveMQ,961783,8,673
ActiveMQ,962468,1,0
ActiveMQ,962512,1,0
ActiveMQ,963095,2,482
ActiveMQ,963104,7,1675
ActiveMQ,963282,3,687
ActiveMQ,963970,1,0
ActiveMQ,964804,2,378
ActiveMQ,965820,1,0
ActiveMQ,966291,4,594
ActiveMQ,966319,1,0
ActiveMQ,966712,6,1386
ActiveMQ,967008,2,2
ActiveMQ,967134,1,0
ActiveMQ,979277,2,152
ActiveMQ,980014,7,860
ActiveMQ,980458,4,165
ActiveMQ,980462,1,0
ActiveMQ,982240,1,0
ActiveMQ,982912,1,0
ActiveMQ,982955,1,0
ActiveMQ,982990,4,1227
ActiveMQ,983564,1,0
ActiveMQ,983584,1,0
ActiveMQ,984489,1,0
ActiveMQ,984738,1,0
ActiveMQ,984826,3,1082
ActiveMQ,985154,1,0
ActiveMQ,985155,1,0
ActiveMQ,986264,1,0
ActiveMQ,987193,1,0
ActiveMQ,988974,2,152
ActiveMQ,990107,7,966
ActiveMQ,991218,1,0
ActiveMQ,995119,2,696
ActiveMQ,995397,1,0
ActiveMQ,997290,1,0
ActiveMQ,997849,1,0
ActiveMQ,1000617,1,0
ActiveMQ,1002604,1,0
ActiveMQ,1004411,1,0
ActiveMQ,1004603,2,133
ActiveMQ,1005033,1,0
ActiveMQ,1005773,1,0
ActiveMQ,1005794,1,0
ActiveMQ,1005806,1,0
ActiveMQ,1021425,1,0
ActiveMQ,1021747,1,0
ActiveMQ,1022071,7,914
ActiveMQ,1022475,2,940
ActiveMQ,1022890,2,187
ActiveMQ,1023704,2,187
ActiveMQ,1023795,1,0
ActiveMQ,1025939,4,746
ActiveMQ,1026092,1,0
ActiveMQ,1026254,1,0
ActiveMQ,1026457,5,288
ActiveMQ,1026543,2,62
ActiveMQ,1027644,1,0
ActiveMQ,1028637,1,0
ActiveMQ,1030013,1,0
ActiveMQ,1030490,1,0
ActiveMQ,1030888,1,0
ActiveMQ,1030928,2,594
ActiveMQ,1032539,2,3
ActiveMQ,1032658,1,0
ActiveMQ,1033076,3,594
ActiveMQ,1033581,1,0
ActiveMQ,1033607,1,0
ActiveMQ,1034032,1,0
ActiveMQ,1034466,2,184
ActiveMQ,1035202,2,1180
ActiveMQ,1036524,5,781
ActiveMQ,1038036,1,0
ActiveMQ,1038276,4,868
ActiveMQ,1038658,1,0
ActiveMQ,1039108,1,0
ActiveMQ,1040151,1,0
ActiveMQ,1044340,1,0
ActiveMQ,1044368,2,88
ActiveMQ,1045219,5,822
ActiveMQ,1049184,1,0
ActiveMQ,1049521,1,0
ActiveMQ,1049527,2,165
ActiveMQ,1050463,1,0
ActiveMQ,1052259,2,21
ActiveMQ,1053641,1,0
ActiveMQ,1053942,8,1675
ActiveMQ,1055873,3,843
ActiveMQ,1057565,2,345
ActiveMQ,1058577,3,581
ActiveMQ,1059981,1,0
ActiveMQ,1061299,2,229
ActiveMQ,1061365,1,0
ActiveMQ,1061859,1,0
ActiveMQ,1064660,2,381
ActiveMQ,1064725,2,893
ActiveMQ,1065688,1,0
ActiveMQ,1068935,1,0
ActiveMQ,1069339,4,174
ActiveMQ,1069405,1,0
ActiveMQ,1070484,1,0
ActiveMQ,1071109,1,0
ActiveMQ,1071256,1,0
ActiveMQ,1071259,3,398
ActiveMQ,1071411,1,0
ActiveMQ,1072620,2,677
ActiveMQ,1073453,3,358
ActiveMQ,1074209,1,0
ActiveMQ,1074577,3,268
ActiveMQ,1075346,1,0
ActiveMQ,1075846,1,0
ActiveMQ,1075864,1,0
ActiveMQ,1076278,3,516
ActiveMQ,1076651,1,0
ActiveMQ,1077886,3,434
ActiveMQ,1078048,1,0
ActiveMQ,1078799,1,0
ActiveMQ,1079831,2,684
ActiveMQ,1081502,1,0
ActiveMQ,1081540,2,90
ActiveMQ,1082333,1,0
ActiveMQ,1084023,3,1246
ActiveMQ,1084175,2,114
ActiveMQ,1084533,1,0
ActiveMQ,1084550,1,0
ActiveMQ,1085337,1,0
ActiveMQ,1086182,5,562
ActiveMQ,1086219,1,0
ActiveMQ,1086280,1,0
ActiveMQ,1087251,1,0
ActiveMQ,1087330,3,176
ActiveMQ,1087912,1,0
ActiveMQ,1088955,1,0
ActiveMQ,1089772,1,0
ActiveMQ,1090179,1,0
ActiveMQ,1091862,1,0
ActiveMQ,1094495,1,0
ActiveMQ,1095352,6,1824
ActiveMQ,1095376,2,407
ActiveMQ,1100208,5,476
ActiveMQ,1100959,1,0
ActiveMQ,1101085,1,0
ActiveMQ,1101099,1,0
ActiveMQ,1102018,2,21
ActiveMQ,1104075,2,230
ActiveMQ,1124299,1,0
ActiveMQ,1125454,2,839
ActiveMQ,1126702,2,227
ActiveMQ,1127543,3,229
ActiveMQ,1127549,2,229
ActiveMQ,1128072,1,0
ActiveMQ,1130607,18,1770
ActiveMQ,1133180,1,0
ActiveMQ,1135649,2,343
ActiveMQ,1138442,2,62
ActiveMQ,1138443,1,0
ActiveMQ,1138925,1,0
ActiveMQ,1140770,1,0
ActiveMQ,1140872,1,0
ActiveMQ,1142005,7,1624
ActiveMQ,1142245,1,0
ActiveMQ,1142267,2,152
ActiveMQ,1143080,2,102
ActiveMQ,1143482,1,0
ActiveMQ,1144340,1,0
ActiveMQ,1145092,1,0
ActiveMQ,1145217,2,77
ActiveMQ,1145312,1,0
ActiveMQ,1145534,4,182
ActiveMQ,1145577,1,0
ActiveMQ,1146636,1,0
ActiveMQ,1147073,3,420
ActiveMQ,1148289,3,584
ActiveMQ,1148300,1,0
ActiveMQ,1149095,1,0
ActiveMQ,1150630,8,436
ActiveMQ,1152757,2,492
ActiveMQ,1153420,3,204
ActiveMQ,1153425,1,0
ActiveMQ,1153588,6,817
ActiveMQ,1154162,1,0
ActiveMQ,1155437,5,396
ActiveMQ,1157238,14,850
ActiveMQ,1158694,1,0
ActiveMQ,1159090,1,0
ActiveMQ,1159662,1,0
ActiveMQ,1160894,1,0
ActiveMQ,1162059,1,0
ActiveMQ,1163940,2,282
ActiveMQ,1167582,2,524
ActiveMQ,1169514,1,0
ActiveMQ,1170201,6,544
ActiveMQ,1170474,1,0
ActiveMQ,1170523,1,0
ActiveMQ,1170849,3,204
ActiveMQ,1171743,3,161
ActiveMQ,1173188,2,138
ActiveMQ,1173605,1,0
ActiveMQ,1173648,1,0
ActiveMQ,1174951,1,0
ActiveMQ,1176393,1,0
ActiveMQ,1176580,2,420
ActiveMQ,1177088,2,14
ActiveMQ,1177345,1,0
ActiveMQ,1177437,1,0
ActiveMQ,1177619,1,0
ActiveMQ,1177797,2,189
ActiveMQ,1179328,1,0
ActiveMQ,1179999,1,0
ActiveMQ,1180038,1,0
ActiveMQ,1180070,1,0
ActiveMQ,1181219,1,0
ActiveMQ,1182049,1,0
ActiveMQ,1182890,6,429
ActiveMQ,1182931,1,0
ActiveMQ,1183062,5,1084
ActiveMQ,1184834,10,659
ActiveMQ,1185129,1,0
ActiveMQ,1185765,1,0
ActiveMQ,1186095,1,0
ActiveMQ,1186539,1,0
ActiveMQ,1186813,1,0
ActiveMQ,1186952,4,553
ActiveMQ,1187538,1,0
ActiveMQ,1187817,3,400
ActiveMQ,1189700,1,0
ActiveMQ,1189980,1,0
ActiveMQ,1195708,1,0
ActiveMQ,1196709,1,0
ActiveMQ,1196804,1,0
ActiveMQ,1197072,1,0
ActiveMQ,1197203,2,193
ActiveMQ,1207963,1,0
ActiveMQ,1209162,1,0
ActiveMQ,1209700,5,515
ActiveMQ,1209841,1,0
ActiveMQ,1210503,1,0
ActiveMQ,1210504,1,0
ActiveMQ,1210506,1,0
ActiveMQ,1213208,1,0
ActiveMQ,1213979,1,0
ActiveMQ,1214700,1,0
ActiveMQ,1221199,1,0
ActiveMQ,1221310,1,0
ActiveMQ,1222275,2,389
ActiveMQ,1227185,1,0
ActiveMQ,1227186,2,64
ActiveMQ,1231979,2,314
ActiveMQ,1233860,1,0
ActiveMQ,1234010,1,0
ActiveMQ,1234981,1,0
ActiveMQ,1235341,1,0
ActiveMQ,1235530,1,0
ActiveMQ,1236414,1,0
ActiveMQ,1236664,1,0
ActiveMQ,1236707,1,0
ActiveMQ,1236905,1,0
ActiveMQ,1238827,1,0
ActiveMQ,1239118,2,345
ActiveMQ,1239188,2,338
ActiveMQ,1239319,1,0
ActiveMQ,1239335,1,0
ActiveMQ,1241061,3,23
ActiveMQ,1242912,1,0
ActiveMQ,1243334,1,0
ActiveMQ,1243706,2,291
ActiveMQ,1244116,1,0
ActiveMQ,1245777,1,0
ActiveMQ,1292599,4,379
ActiveMQ,1294342,1,0
ActiveMQ,1295545,1,0
ActiveMQ,1295662,1,0
ActiveMQ,1296094,1,0
ActiveMQ,1300723,1,0
ActiveMQ,1300727,1,0
ActiveMQ,1301565,1,0
ActiveMQ,1302494,1,0
ActiveMQ,1302977,1,0
ActiveMQ,1303544,1,0
ActiveMQ,1304020,1,0
ActiveMQ,1304984,4,301
ActiveMQ,1306228,1,0
ActiveMQ,1307142,4,1617
ActiveMQ,1309566,5,379
ActiveMQ,1311237,1,0
ActiveMQ,1311513,1,0
ActiveMQ,1325621,2,214
ActiveMQ,1325722,2,200
ActiveMQ,1325943,1,0
ActiveMQ,1326298,1,0
ActiveMQ,1326493,1,0
ActiveMQ,1328287,5,856
ActiveMQ,1328413,1,0
ActiveMQ,1332230,1,0
ActiveMQ,1341521,1,0
ActiveMQ,1341601,2,211
ActiveMQ,1344842,1,0
ActiveMQ,1344894,1,0
ActiveMQ,1345034,1,0
ActiveMQ,1345202,4,405
ActiveMQ,1346594,1,0
ActiveMQ,1346813,1,0
ActiveMQ,1346927,1,0
ActiveMQ,1347580,2,372
ActiveMQ,1347621,1,0
ActiveMQ,1348761,1,0
ActiveMQ,1349582,1,0
ActiveMQ,1349713,1,0
ActiveMQ,1350006,5,560
ActiveMQ,1350425,1,0
ActiveMQ,1352137,1,0
ActiveMQ,1352902,2,179
ActiveMQ,1354449,1,0
ActiveMQ,1356431,2,231
ActiveMQ,1358147,1,0
ActiveMQ,1359949,1,0
ActiveMQ,1359952,1,0
ActiveMQ,1360085,1,0
ActiveMQ,1360626,1,0
ActiveMQ,1361984,3,122
ActiveMQ,1362035,1,0
ActiveMQ,1362462,1,0
ActiveMQ,1362979,1,0
ActiveMQ,1364009,1,0
ActiveMQ,1364560,1,0
ActiveMQ,1365290,1,0
ActiveMQ,1365542,1,0
ActiveMQ,1365943,1,0
ActiveMQ,1370581,1,0
ActiveMQ,1371722,1,0
ActiveMQ,1373794,1,0
ActiveMQ,1375140,1,0
ActiveMQ,1376934,2,1547
ActiveMQ,1378372,1,0
ActiveMQ,1378686,1,0
ActiveMQ,1378881,1,0
ActiveMQ,1379433,1,0
ActiveMQ,1379454,1,0
ActiveMQ,1379765,3,364
ActiveMQ,1381557,1,0
ActiveMQ,1381695,3,472
ActiveMQ,1381985,2,379
ActiveMQ,1382761,1,0
ActiveMQ,1383400,3,276
ActiveMQ,1383746,2,8
ActiveMQ,1384714,1,0
ActiveMQ,1387025,1,0
ActiveMQ,1387504,1,0
ActiveMQ,1387989,2,83
ActiveMQ,1390193,2,43
ActiveMQ,1390710,1,0
ActiveMQ,1391682,1,0
ActiveMQ,1393500,3,58
ActiveMQ,1393782,2,56
ActiveMQ,1394264,1,0
ActiveMQ,1394266,1,0
ActiveMQ,1394677,1,0
ActiveMQ,1394733,1,0
ActiveMQ,1396846,1,0
ActiveMQ,1399438,1,0
ActiveMQ,1400116,4,131
ActiveMQ,1400155,3,202
ActiveMQ,1400304,1,0
ActiveMQ,1401511,1,0
ActiveMQ,1402148,1,0
ActiveMQ,1402532,1,0
ActiveMQ,1403459,1,0
ActiveMQ,1403689,2,75
ActiveMQ,1403869,1,0
ActiveMQ,1404158,1,0
ActiveMQ,1405122,1,0
ActiveMQ,1405934,1,0
ActiveMQ,1406369,1,0
ActiveMQ,1406370,1,0
ActiveMQ,1406466,6,1616
ActiveMQ,1406629,3,168
ActiveMQ,1406686,1,0
ActiveMQ,1406852,1,0
ActiveMQ,1408161,1,0
ActiveMQ,1408917,1,0
ActiveMQ,1408953,1,0
ActiveMQ,1409489,2,149
ActiveMQ,1411632,2,56
ActiveMQ,1414990,1,0
ActiveMQ,1415406,1,0
ActiveMQ,1416989,5,197
ActiveMQ,1417333,1,0
ActiveMQ,1418089,1,0
ActiveMQ,1418378,1,0
ActiveMQ,1421487,1,0
ActiveMQ,1421994,1,0
ActiveMQ,1422873,1,0
ActiveMQ,1422953,1,0
ActiveMQ,1423828,1,0
ActiveMQ,1423834,1,0
ActiveMQ,1425871,1,0
ActiveMQ,1428397,1,0
ActiveMQ,1430266,1,0
ActiveMQ,1430862,1,0
ActiveMQ,1432487,2,1500
ActiveMQ,1434849,1,0
ActiveMQ,1436956,1,0
ActiveMQ,1438540,1,0
ActiveMQ,1438570,1,0
ActiveMQ,1438734,3,640
ActiveMQ,1440531,1,0
ActiveMQ,1441064,1,0
ActiveMQ,1441240,1,0
ActiveMQ,1442613,1,0
ActiveMQ,1445436,1,0
ActiveMQ,1445474,2,61
ActiveMQ,1446447,1,0
ActiveMQ,1447715,2,174
ActiveMQ,1448798,1,0
ActiveMQ,1454514,1,0
ActiveMQ,1455290,1,0
ActiveMQ,1455944,1,0
ActiveMQ,1459834,1,0
ActiveMQ,1464165,1,0
ActiveMQ,1467510,1,0
ActiveMQ,1471420,1,0
ActiveMQ,1475734,1,0
ActiveMQ,1478083,1,0
ActiveMQ,1478183,1,0
ActiveMQ,1478835,1,0
ActiveMQ,1480087,1,0
ActiveMQ,1480731,1,0
ActiveMQ,1482790,1,0
ActiveMQ,1486063,1,0
ActiveMQ,1486951,1,0
ActiveMQ,1487950,1,0
ActiveMQ,1488353,1,0
ActiveMQ,1488375,1,0
ActiveMQ,1489180,1,0
ActiveMQ,1489978,1,0
ActiveMQ,1494680,1,0
ActiveMQ,1498978,1,0
ActiveMQ,1500885,1,0
ActiveMQ,1501488,1,0
ActiveMQ,1507146,1,0
ActiveMQ,1508602,1,0
ActiveMQ,1509046,1,0
ActiveMQ,1514023,1,0
ActiveMQ,1516561,1,0
Camel,519901,2,279
Camel,519989,4,1754
Camel,520375,2,125
Camel,520502,1,0
Camel,520532,1,0
Camel,520823,1,0
Camel,520900,3,733
Camel,520962,1,0
Camel,520985,1,0
Camel,520989,1,0
Camel,521180,2,682
Camel,521186,1,0
Camel,521236,1,0
Camel,521256,1,0
Camel,521259,1,0
Camel,521286,3,594
Camel,521319,1,0
Camel,521369,3,304
Camel,521410,2,1310
Camel,521586,1,0
Camel,521588,1,0
Camel,521675,3,863
Camel,521746,3,476
Camel,521831,1,0
Camel,522838,10,1211
Camel,522904,1,0
Camel,522906,5,1029
Camel,523078,2,1152
Camel,523731,8,857
Camel,523881,3,276
Camel,523882,2,291
Camel,523888,1,0
Camel,524027,1,0
Camel,524031,6,1007
Camel,524096,1,0
Camel,524764,1,0
Camel,525122,2,105
Camel,525123,2,284
Camel,525142,2,1212
Camel,525519,4,901
Camel,525547,4,1089
Camel,525634,1,0
Camel,525869,4,1201
Camel,525889,1,0
Camel,525890,5,729
Camel,525892,2,20
Camel,525898,1,0
Camel,529156,1,0
Camel,530368,4,655
Camel,530379,3,71
Camel,530384,1,0
Camel,530414,1,0
Camel,530429,1,0
Camel,530433,2,360
Camel,530545,2,338
Camel,530555,1,0
Camel,530738,1,0
Camel,530858,1,0
Camel,531566,1,0
Camel,531854,2,297
Camel,531883,1,0
Camel,532024,1,0
Camel,532029,1,0
Camel,532360,3,1189
Camel,532654,4,1102
Camel,532790,5,1295
Camel,533145,3,1026
Camel,533630,1,0
Camel,533658,1,0
Camel,533758,3,1420
Camel,533794,1,0
Camel,533814,4,1287
Camel,534009,1,0
Camel,534054,1,0
Camel,534059,7,1508
Camel,534063,3,1234
Camel,534084,1,0
Camel,534086,1,0
Camel,534095,2,393
Camel,534145,10,1148
Camel,534340,2,293
Camel,534561,1,0
Camel,534800,3,269
Camel,534941,4,1359
Camel,535136,1,0
Camel,535206,2,285
Camel,536237,3,285
Camel,537816,4,2007
Camel,537879,2,464
Camel,538073,2,1606
Camel,538126,3,1606
Camel,538519,1,0
Camel,538665,2,1606
Camel,538915,3,1606
Camel,538957,1,0
Camel,538973,1,0
Camel,540547,1,0
Camel,540969,6,1045
Camel,541323,2,344
Camel,541335,1,0
Camel,541693,2,1220
Camel,545076,2,1035
Camel,545108,1,0
Camel,545124,1,0
Camel,546215,13,1083
Camel,546484,1,0
Camel,546580,1,0
Camel,547741,2,122
Camel,549890,2,173
Camel,550444,1,0
Camel,550510,4,1477
Camel,550760,2,264
Camel,551974,3,1027
Camel,552469,3,1424
Camel,552516,6,1607
Camel,552523,1,0
Camel,552848,4,752
Camel,553312,5,189
Camel,553477,3,156
Camel,554322,1,0
Camel,554329,2,1496
Camel,554543,1,0
Camel,554592,1,0
Camel,555123,2,175
Camel,555221,6,1311
Camel,555584,4,1311
Camel,558732,4,719
Camel,558737,1,0
Camel,559516,1,0
Camel,559531,1,0
Camel,559613,4,727
Camel,559924,2,1199
Camel,560141,2,289
Camel,560143,1,0
Camel,560144,1,0
Camel,560302,3,136
Camel,560303,2,323
Camel,560349,1,0
Camel,560889,6,942
Camel,560899,1,0
Camel,561006,7,1311
Camel,561037,1,0
Camel,561666,1,0
Camel,561667,1,0
Camel,561947,10,1984
Camel,562072,1,0
Camel,562556,5,668
Camel,562566,1,0
Camel,562678,1,0
Camel,563213,1,0
Camel,563428,6,1384
Camel,563472,4,637
Camel,563503,1,0
Camel,563575,1,0
Camel,563607,21,978
Camel,563618,1,0
Camel,563665,15,1194
Camel,563909,2,761
Camel,563924,1,0
Camel,564272,6,1001
Camel,564295,6,1479
Camel,564495,4,301
Camel,564568,5,1287
Camel,564575,1,0
Camel,564644,5,1574
Camel,565270,9,684
Camel,565361,1,0
Camel,565884,7,574
Camel,566050,2,52
Camel,566242,1,0
Camel,566600,1,0
Camel,566602,1,0
Camel,566604,2,1638
Camel,566722,1,0
Camel,566805,1,0
Camel,566911,1,0
Camel,566940,3,206
Camel,567079,1,0
Camel,567086,1,0
Camel,567293,1,0
Camel,567358,1,0
Camel,567554,1,0
Camel,567621,4,865
Camel,567750,1,0
Camel,567761,3,308
Camel,570024,1,0
Camel,570379,4,1382
Camel,570386,1,0
Camel,570410,1,0
Camel,570471,5,310
Camel,570472,7,1973
Camel,570501,4,363
Camel,570670,1,0
Camel,571197,4,232
Camel,571436,4,2168
Camel,571471,4,1194
Camel,571489,4,1653
Camel,572359,2,1919
Camel,572368,1,0
Camel,572379,5,539
Camel,572607,1,0
Camel,572625,1,0
Camel,572712,1,0
Camel,572785,1,0
Camel,572899,3,836
Camel,573201,3,340
Camel,573575,1,0
Camel,573793,1,0
Camel,574469,6,859
Camel,574788,1,0
Camel,575596,1,0
Camel,575600,5,1919
Camel,575882,1,0
Camel,575883,2,439
Camel,576408,5,643
Camel,576446,1,0
Camel,576463,4,531
Camel,576522,12,1012
Camel,576920,4,491
Camel,577194,2,151
Camel,577559,3,364
Camel,577633,1,0
Camel,577663,6,889
Camel,577721,7,546
Camel,578206,2,908
Camel,579301,4,518
Camel,579718,4,1058
Camel,580963,4,609
Camel,580969,1,0
Camel,581116,3,98
Camel,581937,3,1023
Camel,582282,2,1373
Camel,582309,2,304
Camel,582840,1,0
Camel,583073,2,658
Camel,583092,4,948
Camel,583144,2,974
Camel,583226,3,1066
Camel,583400,4,1235
Camel,583419,1,0
Camel,583523,1,0
Camel,583780,3,1851
Camel,583844,1,0
Camel,583907,2,338
Camel,584100,2,345
Camel,584250,2,1201
Camel,584387,2,761
Camel,584388,1,0
Camel,584725,1,0
Camel,584837,1,0
Camel,585089,1,0
Camel,585093,1,0
Camel,585154,2,247
Camel,585196,3,421
Camel,586062,4,1784
Camel,586066,10,1077
Camel,586500,1,0
Camel,586863,7,953
Camel,588614,2,329
Camel,588697,5,1098
Camel,590680,1,0
Camel,590732,1,0
Camel,591971,1,0
Camel,592030,1,0
Camel,592042,1,0
Camel,592048,1,0
Camel,592806,4,569
Camel,594493,1,0
Camel,594833,1,0
Camel,594843,2,336
Camel,594849,3,379
Camel,594850,1,0
Camel,594867,1,0
Camel,595314,1,0
Camel,595344,6,848
Camel,595374,1,0
Camel,595624,4,633
Camel,595630,1,0
Camel,595654,1,0
Camel,595755,2,1721
Camel,595763,1,0
Camel,595933,3,1761
Camel,595934,1,0
Camel,596273,2,0
Camel,596449,7,1851
Camel,596702,3,727
Camel,598226,2,274
Camel,598246,2,641
Camel,598648,1,0
Camel,599000,1,0
Camel,599042,1,0
Camel,600503,2,545
Camel,600514,1,0
Camel,600600,2,155
Camel,600793,1,0
Camel,600802,2,1253
Camel,601725,3,746
Camel,601977,5,338
Camel,602902,1,0
Camel,603611,1,0
Camel,604966,1,0
Camel,605931,1,0
Camel,608777,1,0
Camel,611197,2,54
Camel,611382,1,0
Camel,611560,1,0
Camel,612723,1,0
Camel,612729,1,0
Camel,613026,4,1826
Camel,613143,3,717
Camel,613990,1,0
Camel,614066,1,0
Camel,614075,1,0
Camel,614080,1,0
Camel,614847,1,0
Camel,615770,1,0
Camel,617756,3,604
Camel,618487,1,0
Camel,620004,1,0
Camel,620074,1,0
Camel,620520,1,0
Camel,627319,2,400
Camel,627338,1,0
Camel,627405,1,0
Camel,628425,6,841
Camel,628743,1,0
Camel,629000,3,163
Camel,629003,2,158
Camel,629333,3,713
Camel,630570,1,0
Camel,630574,1,0
Camel,630591,2,743
Camel,630774,1,0
Camel,631521,1,0
Camel,631882,1,0
Camel,632001,3,1453
Camel,632429,1,0
Camel,633098,2,153
Camel,633440,2,1469
Camel,633584,1,0
Camel,633888,1,0
Camel,634501,1,0
Camel,634754,1,0
Camel,634981,2,364
Camel,635171,2,271
Camel,635206,2,362
Camel,635944,1,0
Camel,636956,1,0
Camel,636994,1,0
Camel,637802,1,0
Camel,638833,1,0
Camel,639250,2,176
Camel,639302,1,0
Camel,640346,1,0
Camel,640438,10,1782
Camel,640731,2,173
Camel,640937,2,265
Camel,641152,4,455
Camel,641243,1,0
Camel,641379,1,0
Camel,641430,2,6
Camel,641566,2,322
Camel,641676,1,0
Camel,642102,4,270
Camel,642107,1,0
Camel,642209,6,1881
Camel,642272,1,0
Camel,642763,2,776
Camel,642879,1,0
Camel,643855,7,1083
Camel,644159,1,0
Camel,644350,4,1186
Camel,644383,2,650
Camel,644384,1,0
Camel,644684,1,0
Camel,644735,1,0
Camel,645063,2,1292
Camel,645359,1,0
Camel,646003,2,843
Camel,647407,1,0
Camel,647433,2,42
Camel,647463,2,191
Camel,647518,1,0
Camel,647657,1,0
Camel,647665,1,0
Camel,647667,1,0
Camel,647864,1,0
Camel,647877,3,1631
Camel,647957,1,0
Camel,649165,6,565
Camel,649917,1,0
Camel,650171,1,0
Camel,651196,1,0
Camel,651239,3,647
Camel,651966,2,1284
Camel,652234,2,219
Camel,652235,1,0
Camel,652815,3,263
Camel,653015,4,610
Camel,653079,2,164
Camel,653094,6,777
Camel,653177,1,0
Camel,653228,1,0
Camel,653240,2,1000
Camel,653679,1,0
Camel,654456,2,208
Camel,654685,1,0
Camel,655008,2,754
Camel,655071,1,0
Camel,655284,2,409
Camel,655291,1,0
Camel,655332,2,1621
Camel,655341,2,89
Camel,655440,1,0
Camel,655469,2,290
Camel,655481,4,1826
Camel,655487,1,0
Camel,655516,7,930
Camel,655746,2,74
Camel,655792,1,0
Camel,656106,1,0
Camel,656617,1,0
Camel,657010,1,0
Camel,657091,2,145
Camel,657300,5,339
Camel,658164,1,0
Camel,658240,2,55
Camel,658260,1,0
Camel,658389,2,261
Camel,658722,1,0
Camel,658765,1,0
Camel,658768,1,0
Camel,658966,1,0
Camel,659007,2,197
Camel,659468,1,0
Camel,659798,4,1475
Camel,659836,2,1085
Camel,659849,2,319
Camel,659854,1,0
Camel,659974,2,453
Camel,660099,1,0
Camel,660216,3,642
Camel,660275,1,0
Camel,660798,2,5
Camel,661249,1,0
Camel,662226,1,0
Camel,662664,4,2063
Camel,663469,1,0
Camel,663796,1,0
Camel,663817,3,274
Camel,663909,1,0
Camel,664245,1,0
Camel,664441,1,0
Camel,664468,1,0
Camel,664510,1,0
Camel,664624,2,332
Camel,665748,1,0
Camel,666776,1,0
Camel,666957,2,21
Camel,668216,1,0
Camel,668276,1,0
Camel,668598,2,308
Camel,669059,3,806
Camel,669101,1,0
Camel,669349,1,0
Camel,669385,1,0
Camel,669650,1,0
Camel,669756,8,773
Camel,669804,3,1663
Camel,670436,2,34
Camel,670440,1,0
Camel,670452,2,49
Camel,670454,1,0
Camel,670544,1,0
Camel,670668,1,0
Camel,671751,1,0
Camel,671918,1,0
Camel,672261,1,0
Camel,672347,1,0
Camel,672474,1,0
Camel,673008,7,1028
Camel,673335,3,1268
Camel,673462,2,81
Camel,673468,1,0
Camel,673619,1,0
Camel,673837,3,1255
Camel,673917,1,0
Camel,673955,1,0
Camel,674031,2,206
Camel,674401,3,488
Camel,674786,1,0
Camel,674800,1,0
Camel,675184,1,0
Camel,675249,2,14
Camel,675467,1,0
Camel,675468,2,21
Camel,675500,1,0
Camel,675832,3,125
Camel,675878,1,0
Camel,675881,1,0
Camel,675938,1,0
Camel,676127,1,0
Camel,676133,2,282
Camel,676208,1,0
Camel,676525,1,0
Camel,676541,1,0
Camel,676643,1,0
Camel,676805,1,0
Camel,676850,5,1545
Camel,677005,2,812
Camel,677141,1,0
Camel,677858,2,832
Camel,677999,2,42
Camel,678246,1,0
Camel,678367,1,0
Camel,679170,1,0
Camel,679979,1,0
Camel,679990,1,0
Camel,680011,1,0
Camel,680078,1,0
Camel,680249,1,0
Camel,680260,2,178
Camel,680645,10,969
Camel,680754,1,0
Camel,681573,1,0
Camel,681576,3,1157
Camel,681589,1,0
Camel,681600,3,423
Camel,682255,1,0
Camel,682466,3,148
Camel,682583,1,0
Camel,682597,3,119
Camel,683331,1,0
Camel,683518,2,1355
Camel,683561,1,0
Camel,683640,2,61
Camel,683862,1,0
Camel,684073,3,276
Camel,684214,1,0
Camel,684301,1,0
Camel,684500,1,0
Camel,684774,2,855
Camel,684800,1,0
Camel,684835,1,0
Camel,685129,4,788
Camel,685233,1,0
Camel,685638,1,0
Camel,685900,3,319
Camel,686094,1,0
Camel,686171,1,0
Camel,686607,1,0
Camel,686616,1,0
Camel,686675,1,0
Camel,687264,3,629
Camel,687266,1,0
Camel,687515,2,258
Camel,687732,1,0
Camel,687736,1,0
Camel,687770,1,0
Camel,688350,1,0
Camel,688601,2,754
Camel,688606,1,0
Camel,688611,1,0
Camel,688672,1,0
Camel,688951,1,0
Camel,688965,2,98
Camel,689024,1,0
Camel,689291,1,0
Camel,689379,1,0
Camel,689399,1,0
Camel,689457,1,0
Camel,689727,1,0
Camel,690114,1,0
Camel,690170,3,247
Camel,690184,1,0
Camel,690690,1,0
Camel,690920,2,402
Camel,691104,1,0
Camel,691588,2,213
Camel,691703,3,173
Camel,692006,1,0
Camel,692605,2,20
Camel,693217,4,348
Camel,693226,1,0
Camel,693267,1,0
Camel,693409,5,617
Camel,693850,1,0
Camel,693940,1,0
Camel,694680,1,0
Camel,695030,1,0
Camel,695204,4,797
Camel,695245,1,0
Camel,695502,3,774
Camel,695516,3,754
Camel,695769,1,0
Camel,696380,3,1325
Camel,696553,2,339
Camel,696574,1,0
Camel,696610,2,68
Camel,697494,5,1310
Camel,697716,1,0
Camel,697732,2,1
Camel,697765,1,0
Camel,698396,1,0
Camel,698831,8,258
Camel,698836,1,0
Camel,698848,3,1390
Camel,698870,1,0
Camel,699300,1,0
Camel,699619,1,0
Camel,699675,2,43
Camel,699768,1,0
Camel,699769,2,119
Camel,699876,1,0
Camel,700786,1,0
Camel,701021,2,402
Camel,701149,2,733
Camel,701192,1,0
Camel,701582,1,0
Camel,702247,3,1425
Camel,702683,1,0
Camel,702969,1,0
Camel,703622,4,1179
Camel,704632,2,163
Camel,704951,3,1188
Camel,704979,1,0
Camel,704991,1,0
Camel,705131,1,0
Camel,705853,3,110
Camel,705866,1,0
Camel,705880,1,0
Camel,706005,3,187
Camel,706013,2,176
Camel,706639,1,0
Camel,706689,1,0
Camel,706695,1,0
Camel,706711,1,0
Camel,706857,2,18
Camel,706913,1,0
Camel,707257,1,0
Camel,707537,1,0
Camel,709164,1,0
Camel,709173,1,0
Camel,709512,2,754
Camel,709613,7,1091
Camel,710079,2,5
Camel,710133,2,14
Camel,711206,2,135
Camel,711219,2,24
Camel,711220,1,0
Camel,711229,1,0
Camel,711241,1,0
Camel,711523,2,754
Camel,711528,1,0
Camel,711531,1,0
Camel,711599,1,0
Camel,711756,1,0
Camel,712133,1,0
Camel,712179,1,0
Camel,712603,1,0
Camel,712605,2,115
Camel,712622,2,897
Camel,712626,2,575
Camel,712844,3,514
Camel,712925,1,0
Camel,712933,1,0
Camel,712937,7,1637
Camel,713950,1,0
Camel,718242,2,59
Camel,718246,2,59
Camel,719662,7,782
Camel,719673,3,307
Camel,719864,1,0
Camel,719866,1,0
Camel,719978,3,353
Camel,719979,2,143
Camel,720269,2,932
Camel,720495,1,0
Camel,720581,1,0
Camel,720806,2,239
Camel,720809,2,239
Camel,720838,1,0
Camel,721149,1,0
Camel,721328,1,0
Camel,721695,1,0
Camel,721764,1,0
Camel,721772,1,0
Camel,721798,1,0
Camel,722005,1,0
Camel,722088,2,1216
Camel,722521,2,226
Camel,722562,1,0
Camel,722674,2,953
Camel,722726,2,10
Camel,722772,2,39
Camel,722785,4,1817
Camel,722800,1,0
Camel,722878,1,0
Camel,722893,1,0
Camel,723046,1,0
Camel,723266,1,0
Camel,723291,1,0
Camel,723314,2,341
Camel,723319,1,0
Camel,723325,1,0
Camel,723331,1,0
Camel,723966,1,0
Camel,723967,1,0
Camel,724272,1,0
Camel,724291,4,732
Camel,724319,1,0
Camel,724380,2,77
Camel,724439,1,0
Camel,724619,5,1035
Camel,724627,5,1462
Camel,724629,2,307
Camel,725058,3,549
Camel,725309,2,17
Camel,725424,1,0
Camel,726932,1,0
Camel,726941,1,0
Camel,727377,2,592
Camel,727952,3,574
Camel,727984,1,0
Camel,727997,1,0
Camel,728862,1,0
Camel,729409,2,36
Camel,729412,1,0
Camel,729480,12,924
Camel,729712,5,624
Camel,729714,2,1356
Camel,729892,1,0
Camel,729895,1,0
Camel,730132,1,0
Camel,730154,6,2168
Camel,730157,1,0
Camel,730299,3,351
Camel,730436,1,0
Camel,730441,1,0
Camel,730504,6,1060
Camel,730506,2,12
Camel,730721,3,165
Camel,730727,4,165
Camel,730753,2,535
Camel,730759,2,2076
Camel,730936,2,132
Camel,731164,1,0
Camel,731169,3,134
Camel,731170,2,65
Camel,731590,1,0
Camel,732207,1,0
Camel,732209,1,0
Camel,732793,1,0
Camel,732808,1,0
Camel,732923,2,308
Camel,732926,2,308
Camel,733633,1,0
Camel,733758,4,888
Camel,733822,1,0
Camel,734053,1,0
Camel,734059,1,0
Camel,734064,1,0
Camel,734076,1,0
Camel,734095,3,624
Camel,734141,1,0
Camel,734309,1,0
Camel,734340,1,0
Camel,734348,3,708
Camel,734401,2,1267
Camel,734690,1,0
Camel,735427,1,0
Camel,735592,15,1575
Camel,735758,1,0
Camel,735816,5,286
Camel,735926,2,287
Camel,735951,2,235
Camel,735955,2,499
Camel,736227,1,0
Camel,736242,1,0
Camel,736322,2,684
Camel,736555,1,0
Camel,736562,2,351
Camel,736617,2,688
Camel,736676,2,1513
Camel,736901,1,0
Camel,736980,4,516
Camel,737029,11,1375
Camel,737359,11,1375
Camel,737487,1,0
Camel,737493,3,403
Camel,737635,2,137
Camel,737658,4,590
Camel,737666,1,0
Camel,737677,10,609
Camel,737890,2,0
Camel,738093,9,747
Camel,738171,2,1
Camel,738298,1,0
Camel,738386,5,248
Camel,738457,8,742
Camel,738487,1,0
Camel,738604,1,0
Camel,738783,6,1726
Camel,738826,1,0
Camel,738832,1,0
Camel,738935,1,0
Camel,738999,3,1913
Camel,739191,3,79
Camel,739213,2,78
Camel,739348,1,0
Camel,739711,3,96
Camel,739960,3,136
Camel,740251,2,22
Camel,740298,6,747
Camel,740596,2